a,b,spearman
core_clip__times_s__max,core_clip__times_s__mean,1.0
core_clip__times_s__max,core_clip__times_s__p50,1.0
video_pacing__cuts_variance,video_pacing__shot_duration_std,1.0
uniqueness__effective_unique_ratio,uniqueness__repetition_ratio,1.0
uniqueness__diversity_score,uniqueness__pairwise_sim_mean,1.0
scene_classification__mean_score__mean,scene_classification__top1_prob_mean__mean,1.0
scene_classification__mean_score__max,scene_classification__top1_prob_mean__max,1.0
scene_classification__frame_top1_prob__max,scene_classification__frame_topk_probs__max,1.0
scene_classification__times_s__p90,scene_classification__times_s__std,1.0
core_optical_flow__preview_pair_pos__mean,core_optical_flow__preview_pair_pos__p50,1.0
core_optical_flow__preview_pair_pos__mean,core_optical_flow__preview_pair_pos__p90,1.0
core_optical_flow__preview_pair_pos__mean,core_optical_flow__preview_pair_pos__std,1.0
cut_detection__times_s__p50,cut_detection__union_timestamps_sec__mean,1.0
cut_detection__times_s__p50,cut_detection__union_timestamps_sec__p50,1.0
cut_detection__times_s__p50,cut_detection__union_timestamps_sec__p90,1.0
cut_detection__times_s__p50,cut_detection__union_timestamps_sec__std,1.0
cut_detection__times_s__p90,cut_detection__times_s__std,1.0
cut_detection__times_s__p90,cut_detection__union_timestamps_sec__max,1.0
cut_detection__times_s__p90,cut_detection__union_timestamps_sec__mean,1.0
core_clip__times_s__mean,core_clip__times_s__p50,1.0
core_clip__times_s__mean,core_clip__times_s__p90,1.0
core_clip__times_s__mean,core_clip__times_s__std,1.0
cut_detection__times_s__p90,cut_detection__union_timestamps_sec__p50,1.0
cut_detection__times_s__p90,cut_detection__union_timestamps_sec__p90,1.0
cut_detection__times_s__p90,cut_detection__union_timestamps_sec__std,1.0
cut_detection__times_s__std,cut_detection__union_timestamps_sec__max,1.0
cut_detection__times_s__std,cut_detection__union_timestamps_sec__mean,1.0
cut_detection__times_s__std,cut_detection__union_timestamps_sec__p50,1.0
cut_detection__times_s__max,cut_detection__union_timestamps_sec__max,1.0
cut_detection__times_s__max,cut_detection__union_timestamps_sec__mean,1.0
cut_detection__times_s__max,cut_detection__union_timestamps_sec__p50,1.0
cut_detection__times_s__max,cut_detection__union_timestamps_sec__p90,1.0
cut_detection__times_s__max,cut_detection__union_timestamps_sec__std,1.0
cut_detection__times_s__mean,cut_detection__times_s__p50,1.0
cut_detection__times_s__mean,cut_detection__times_s__p90,1.0
cut_detection__times_s__mean,cut_detection__times_s__std,1.0
cut_detection__times_s__mean,cut_detection__union_timestamps_sec__max,1.0
cut_detection__times_s__mean,cut_detection__union_timestamps_sec__mean,1.0
cut_detection__times_s__mean,cut_detection__union_timestamps_sec__p50,1.0
cut_detection__times_s__mean,cut_detection__union_timestamps_sec__p90,1.0
cut_detection__times_s__mean,cut_detection__union_timestamps_sec__std,1.0
cut_detection__times_s__p50,cut_detection__times_s__p90,1.0
cut_detection__times_s__p50,cut_detection__times_s__std,1.0
cut_detection__times_s__p50,cut_detection__union_timestamps_sec__max,1.0
cut_detection__threshold_hist__p50,cut_detection__threshold_hist__p90,1.0
cut_detection__threshold_ssim__max,cut_detection__threshold_ssim__mean,1.0
cut_detection__threshold_ssim__max,cut_detection__threshold_ssim__min,1.0
cut_detection__threshold_ssim__max,cut_detection__threshold_ssim__p50,1.0
cut_detection__threshold_ssim__max,cut_detection__threshold_ssim__p90,1.0
cut_detection__threshold_ssim__mean,cut_detection__threshold_ssim__min,1.0
core_clip__times_s__p50,core_clip__times_s__p90,1.0
cut_detection__threshold_ssim__mean,cut_detection__threshold_ssim__p50,1.0
cut_detection__threshold_ssim__mean,cut_detection__threshold_ssim__p90,1.0
cut_detection__threshold_ssim__min,cut_detection__threshold_ssim__p50,1.0
cut_detection__threshold_ssim__min,cut_detection__threshold_ssim__p90,1.0
cut_detection__threshold_ssim__p50,cut_detection__threshold_ssim__p90,1.0
cut_detection__times_s__max,cut_detection__times_s__mean,1.0
cut_detection__times_s__max,cut_detection__times_s__p50,1.0
cut_detection__times_s__max,cut_detection__times_s__p90,1.0
cut_detection__times_s__max,cut_detection__times_s__std,1.0
cut_detection__threshold_flow__mean,cut_detection__threshold_flow__min,1.0
cut_detection__threshold_flow__mean,cut_detection__threshold_flow__p50,1.0
cut_detection__threshold_flow__mean,cut_detection__threshold_flow__p90,1.0
cut_detection__threshold_flow__min,cut_detection__threshold_flow__p50,1.0
cut_detection__threshold_flow__min,cut_detection__threshold_flow__p90,1.0
core_clip__times_s__p50,core_clip__times_s__std,1.0
cut_detection__threshold_flow__p50,cut_detection__threshold_flow__p90,1.0
cut_detection__threshold_hist__max,cut_detection__threshold_hist__mean,1.0
cut_detection__threshold_hist__max,cut_detection__threshold_hist__min,1.0
cut_detection__threshold_hist__max,cut_detection__threshold_hist__p50,1.0
cut_detection__threshold_hist__max,cut_detection__threshold_hist__p90,1.0
cut_detection__threshold_hist__mean,cut_detection__threshold_hist__min,1.0
cut_detection__threshold_hist__mean,cut_detection__threshold_hist__p50,1.0
cut_detection__threshold_hist__mean,cut_detection__threshold_hist__p90,1.0
cut_detection__threshold_hist__min,cut_detection__threshold_hist__p50,1.0
cut_detection__threshold_hist__min,cut_detection__threshold_hist__p90,1.0
cut_detection__pair_times_s__p90,cut_detection__union_timestamps_sec__std,1.0
cut_detection__pair_times_s__std,cut_detection__times_s__max,1.0
cut_detection__pair_times_s__std,cut_detection__times_s__mean,1.0
cut_detection__pair_times_s__std,cut_detection__times_s__p50,1.0
cut_detection__pair_times_s__std,cut_detection__times_s__p90,1.0
cut_detection__pair_times_s__std,cut_detection__times_s__std,1.0
cut_detection__pair_times_s__std,cut_detection__union_timestamps_sec__max,1.0
cut_detection__pair_times_s__std,cut_detection__union_timestamps_sec__mean,1.0
cut_detection__pair_times_s__std,cut_detection__union_timestamps_sec__p50,1.0
cut_detection__pair_times_s__std,cut_detection__union_timestamps_sec__p90,1.0
cut_detection__pair_times_s__std,cut_detection__union_timestamps_sec__std,1.0
cut_detection__scene_count,cut_detection__scene_hard_cut_transitions,1.0
cut_detection__threshold_flow__max,cut_detection__threshold_flow__mean,1.0
cut_detection__threshold_flow__max,cut_detection__threshold_flow__min,1.0
cut_detection__threshold_flow__max,cut_detection__threshold_flow__p50,1.0
cut_detection__threshold_flow__max,cut_detection__threshold_flow__p90,1.0
cut_detection__pair_times_s__p50,cut_detection__union_timestamps_sec__max,1.0
cut_detection__pair_times_s__p50,cut_detection__union_timestamps_sec__mean,1.0
cut_detection__pair_times_s__p50,cut_detection__union_timestamps_sec__p50,1.0
cut_detection__pair_times_s__p50,cut_detection__union_timestamps_sec__p90,1.0
cut_detection__pair_times_s__p50,cut_detection__union_timestamps_sec__std,1.0
cut_detection__pair_times_s__p90,cut_detection__pair_times_s__std,1.0
cut_detection__pair_times_s__p90,cut_detection__times_s__max,1.0
cut_detection__pair_times_s__p90,cut_detection__times_s__mean,1.0
cut_detection__pair_times_s__p90,cut_detection__times_s__p50,1.0
cut_detection__pair_times_s__p90,cut_detection__times_s__p90,1.0
cut_detection__pair_times_s__p90,cut_detection__times_s__std,1.0
cut_detection__pair_times_s__p90,cut_detection__union_timestamps_sec__max,1.0
cut_detection__pair_times_s__p90,cut_detection__union_timestamps_sec__mean,1.0
cut_detection__pair_times_s__p90,cut_detection__union_timestamps_sec__p50,1.0
core_clip__times_s__p90,core_clip__times_s__std,1.0
cut_detection__pair_times_s__p90,cut_detection__union_timestamps_sec__p90,1.0
cut_detection__pair_times_s__mean,cut_detection__times_s__mean,1.0
cut_detection__pair_times_s__mean,cut_detection__times_s__p50,1.0
cut_detection__pair_times_s__mean,cut_detection__times_s__p90,1.0
cut_detection__pair_times_s__mean,cut_detection__times_s__std,1.0
cut_detection__pair_times_s__mean,cut_detection__union_timestamps_sec__max,1.0
cut_detection__pair_times_s__mean,cut_detection__union_timestamps_sec__mean,1.0
cut_detection__pair_times_s__mean,cut_detection__union_timestamps_sec__p50,1.0
cut_detection__pair_times_s__mean,cut_detection__union_timestamps_sec__p90,1.0
cut_detection__pair_times_s__mean,cut_detection__union_timestamps_sec__std,1.0
cut_detection__pair_times_s__p50,cut_detection__pair_times_s__p90,1.0
cut_detection__pair_times_s__p50,cut_detection__pair_times_s__std,1.0
cut_detection__pair_times_s__p50,cut_detection__times_s__max,1.0
cut_detection__pair_times_s__p50,cut_detection__times_s__mean,1.0
cut_detection__pair_times_s__p50,cut_detection__times_s__p50,1.0
cut_detection__pair_times_s__p50,cut_detection__times_s__p90,1.0
cut_detection__pair_times_s__p50,cut_detection__times_s__std,1.0
cut_detection__pair_times_s__max,cut_detection__pair_times_s__p90,1.0
cut_detection__pair_times_s__max,cut_detection__pair_times_s__std,1.0
cut_detection__pair_times_s__max,cut_detection__times_s__max,1.0
cut_detection__pair_times_s__max,cut_detection__times_s__mean,1.0
cut_detection__pair_times_s__max,cut_detection__times_s__p50,1.0
cut_detection__pair_times_s__max,cut_detection__times_s__p90,1.0
cut_detection__pair_times_s__max,cut_detection__times_s__std,1.0
cut_detection__pair_times_s__max,cut_detection__union_timestamps_sec__max,1.0
cut_detection__pair_times_s__max,cut_detection__union_timestamps_sec__mean,1.0
cut_detection__pair_times_s__max,cut_detection__union_timestamps_sec__p50,1.0
cut_detection__pair_times_s__max,cut_detection__union_timestamps_sec__p90,1.0
cut_detection__pair_times_s__max,cut_detection__union_timestamps_sec__std,1.0
cut_detection__pair_times_s__mean,cut_detection__pair_times_s__p50,1.0
cut_detection__pair_times_s__mean,cut_detection__pair_times_s__p90,1.0
cut_detection__pair_times_s__mean,cut_detection__pair_times_s__std,1.0
cut_detection__pair_times_s__mean,cut_detection__times_s__max,1.0
cut_detection__flow_mag__min,cut_detection__soft_flow_mag__min,1.0
cut_detection__flow_mag__p50,cut_detection__soft_flow_mag__p50,1.0
cut_detection__flow_mag__p90,cut_detection__soft_flow_mag__p90,1.0
cut_detection__flow_mag__std,cut_detection__motion_flow_mag__std,1.0
cut_detection__flow_mag__std,cut_detection__soft_flow_mag__std,1.0
cut_detection__motion_dir_valid_mask__mean,cut_detection__motion_var_valid_mask__mean,1.0
cut_detection__motion_flow_mag__max,cut_detection__soft_flow_mag__max,1.0
cut_detection__motion_flow_mag__mean,cut_detection__soft_flow_mag__mean,1.0
cut_detection__motion_flow_mag__std,cut_detection__soft_flow_mag__std,1.0
cut_detection__pair_times_s__max,cut_detection__pair_times_s__mean,1.0
cut_detection__pair_times_s__max,cut_detection__pair_times_s__p50,1.0
core_optical_flow__preview_pair_pos__max,core_optical_flow__preview_pair_pos__mean,1.0
core_optical_flow__preview_pair_pos__max,core_optical_flow__preview_pair_pos__p50,1.0
core_optical_flow__preview_pair_pos__max,core_optical_flow__preview_pair_pos__p90,1.0
core_optical_flow__preview_pair_pos__max,core_optical_flow__preview_pair_pos__std,1.0
core_optical_flow__preview_pair_pos__p50,core_optical_flow__preview_pair_pos__p90,1.0
core_optical_flow__preview_pair_pos__p50,core_optical_flow__preview_pair_pos__std,1.0
cut_detection__cuts_per_minute,cut_detection__hard_cuts_per_minute,1.0
cut_detection__flow_mag__max,cut_detection__motion_flow_mag__max,1.0
cut_detection__flow_mag__max,cut_detection__soft_flow_mag__max,1.0
cut_detection__flow_mag__mean,cut_detection__motion_flow_mag__mean,1.0
cut_detection__flow_mag__mean,cut_detection__soft_flow_mag__mean,1.0
core_optical_flow__preview_cur_times_s__std,core_optical_flow__preview_prev_times_s__mean,1.0
core_optical_flow__preview_cur_times_s__std,core_optical_flow__preview_prev_times_s__p50,1.0
core_optical_flow__preview_cur_times_s__std,core_optical_flow__preview_prev_times_s__p90,1.0
core_optical_flow__preview_cur_times_s__std,core_optical_flow__preview_prev_times_s__std,1.0
core_optical_flow__preview_cur_times_s__std,core_optical_flow__times_s__max,1.0
core_optical_flow__preview_cur_times_s__std,core_optical_flow__times_s__mean,1.0
core_optical_flow__preview_cur_times_s__std,core_optical_flow__times_s__p50,1.0
core_optical_flow__preview_cur_times_s__std,core_optical_flow__times_s__p90,1.0
core_optical_flow__preview_cur_times_s__max,core_optical_flow__times_s__std,1.0
core_optical_flow__times_s__mean,core_optical_flow__times_s__p50,1.0
core_optical_flow__times_s__mean,core_optical_flow__times_s__p90,1.0
core_optical_flow__times_s__mean,core_optical_flow__times_s__std,1.0
core_optical_flow__times_s__p50,core_optical_flow__times_s__p90,1.0
core_optical_flow__times_s__p50,core_optical_flow__times_s__std,1.0
core_optical_flow__times_s__p90,core_optical_flow__times_s__std,1.0
core_optical_flow__flow_consistency__max,core_optical_flow__flow_div_abs_mean__min,1.0
core_optical_flow__flow_consistency__min,core_optical_flow__flow_div_abs_mean__max,1.0
core_optical_flow__flow_consistency__p50,core_optical_flow__flow_div_abs_mean__p50,1.0
core_optical_flow__preview_cur_times_s__max,core_optical_flow__preview_cur_times_s__mean,1.0
core_optical_flow__preview_cur_times_s__max,core_optical_flow__preview_cur_times_s__p50,1.0
core_optical_flow__preview_cur_times_s__max,core_optical_flow__preview_cur_times_s__p90,1.0
core_optical_flow__preview_cur_times_s__max,core_optical_flow__preview_cur_times_s__std,1.0
core_optical_flow__preview_cur_times_s__std,core_optical_flow__times_s__std,1.0
core_optical_flow__preview_pair_pos__p90,core_optical_flow__preview_pair_pos__std,1.0
core_optical_flow__times_s__max,core_optical_flow__times_s__mean,1.0
core_optical_flow__times_s__max,core_optical_flow__times_s__p50,1.0
core_optical_flow__times_s__max,core_optical_flow__times_s__p90,1.0
core_optical_flow__times_s__max,core_optical_flow__times_s__std,1.0
core_optical_flow__preview_cur_times_s__max,core_optical_flow__preview_prev_times_s__max,1.0
core_optical_flow__preview_cur_times_s__max,core_optical_flow__preview_prev_times_s__mean,1.0
core_optical_flow__preview_cur_times_s__max,core_optical_flow__preview_prev_times_s__p50,1.0
core_optical_flow__preview_cur_times_s__max,core_optical_flow__preview_prev_times_s__p90,1.0
core_optical_flow__preview_cur_times_s__max,core_optical_flow__preview_prev_times_s__std,1.0
core_optical_flow__preview_cur_times_s__max,core_optical_flow__times_s__max,1.0
core_optical_flow__preview_cur_times_s__max,core_optical_flow__times_s__mean,1.0
core_optical_flow__preview_cur_times_s__max,core_optical_flow__times_s__p50,1.0
core_optical_flow__preview_cur_times_s__max,core_optical_flow__times_s__p90,1.0
core_optical_flow__preview_cur_times_s__std,core_optical_flow__preview_prev_times_s__max,1.0
core_optical_flow__preview_cur_times_s__p90,core_optical_flow__preview_prev_times_s__max,1.0
core_optical_flow__preview_cur_times_s__p90,core_optical_flow__preview_prev_times_s__mean,1.0
core_optical_flow__preview_cur_times_s__p90,core_optical_flow__preview_prev_times_s__p50,1.0
core_optical_flow__preview_cur_times_s__p90,core_optical_flow__preview_prev_times_s__p90,1.0
core_optical_flow__preview_cur_times_s__p90,core_optical_flow__preview_prev_times_s__std,1.0
core_optical_flow__preview_cur_times_s__p90,core_optical_flow__times_s__max,1.0
core_optical_flow__preview_cur_times_s__p90,core_optical_flow__times_s__mean,1.0
core_optical_flow__preview_cur_times_s__p90,core_optical_flow__times_s__p50,1.0
core_optical_flow__preview_cur_times_s__p90,core_optical_flow__times_s__p90,1.0
core_optical_flow__preview_cur_times_s__p90,core_optical_flow__times_s__std,1.0
core_optical_flow__preview_cur_times_s__mean,core_optical_flow__times_s__std,1.0
core_optical_flow__preview_prev_times_s__p90,core_optical_flow__preview_prev_times_s__std,1.0
core_optical_flow__preview_prev_times_s__p90,core_optical_flow__times_s__max,1.0
core_optical_flow__preview_prev_times_s__p90,core_optical_flow__times_s__mean,1.0
core_optical_flow__preview_prev_times_s__p90,core_optical_flow__times_s__p50,1.0
core_optical_flow__preview_prev_times_s__p90,core_optical_flow__times_s__p90,1.0
core_optical_flow__preview_prev_times_s__p90,core_optical_flow__times_s__std,1.0
core_optical_flow__preview_prev_times_s__std,core_optical_flow__times_s__max,1.0
core_optical_flow__preview_prev_times_s__std,core_optical_flow__times_s__mean,1.0
core_optical_flow__preview_prev_times_s__std,core_optical_flow__times_s__p50,1.0
core_optical_flow__preview_prev_times_s__std,core_optical_flow__times_s__p90,1.0
core_optical_flow__preview_prev_times_s__std,core_optical_flow__times_s__std,1.0
core_optical_flow__preview_cur_times_s__mean,core_optical_flow__preview_cur_times_s__p50,1.0
core_optical_flow__preview_cur_times_s__mean,core_optical_flow__preview_cur_times_s__p90,1.0
core_optical_flow__preview_cur_times_s__mean,core_optical_flow__preview_cur_times_s__std,1.0
core_optical_flow__preview_prev_times_s__p50,core_optical_flow__times_s__max,1.0
core_optical_flow__preview_prev_times_s__p50,core_optical_flow__times_s__mean,1.0
core_optical_flow__preview_prev_times_s__p50,core_optical_flow__times_s__p50,1.0
core_optical_flow__preview_prev_times_s__p50,core_optical_flow__times_s__p90,1.0
core_optical_flow__preview_prev_times_s__p50,core_optical_flow__times_s__std,1.0
core_optical_flow__preview_cur_times_s__mean,core_optical_flow__preview_prev_times_s__max,1.0
core_optical_flow__preview_cur_times_s__mean,core_optical_flow__preview_prev_times_s__mean,1.0
core_optical_flow__preview_cur_times_s__mean,core_optical_flow__preview_prev_times_s__p50,1.0
core_optical_flow__preview_cur_times_s__mean,core_optical_flow__preview_prev_times_s__p90,1.0
core_optical_flow__preview_cur_times_s__mean,core_optical_flow__preview_prev_times_s__std,1.0
core_optical_flow__preview_cur_times_s__mean,core_optical_flow__times_s__max,1.0
core_optical_flow__preview_cur_times_s__mean,core_optical_flow__times_s__mean,1.0
core_optical_flow__preview_cur_times_s__mean,core_optical_flow__times_s__p50,1.0
core_optical_flow__preview_cur_times_s__mean,core_optical_flow__times_s__p90,1.0
core_optical_flow__preview_cur_times_s__p50,core_optical_flow__times_s__std,1.0
core_optical_flow__preview_prev_times_s__mean,core_optical_flow__preview_prev_times_s__p50,1.0
core_optical_flow__preview_prev_times_s__mean,core_optical_flow__preview_prev_times_s__p90,1.0
core_optical_flow__preview_prev_times_s__mean,core_optical_flow__preview_prev_times_s__std,1.0
core_optical_flow__preview_prev_times_s__mean,core_optical_flow__times_s__max,1.0
core_optical_flow__preview_prev_times_s__mean,core_optical_flow__times_s__mean,1.0
core_optical_flow__preview_prev_times_s__mean,core_optical_flow__times_s__p50,1.0
core_optical_flow__preview_prev_times_s__mean,core_optical_flow__times_s__p90,1.0
core_optical_flow__preview_prev_times_s__mean,core_optical_flow__times_s__std,1.0
core_optical_flow__preview_prev_times_s__p50,core_optical_flow__preview_prev_times_s__p90,1.0
core_optical_flow__preview_prev_times_s__p50,core_optical_flow__preview_prev_times_s__std,1.0
core_optical_flow__preview_cur_times_s__p50,core_optical_flow__preview_cur_times_s__p90,1.0
core_optical_flow__preview_cur_times_s__p50,core_optical_flow__preview_cur_times_s__std,1.0
core_optical_flow__preview_prev_times_s__max,core_optical_flow__times_s__max,1.0
core_optical_flow__preview_prev_times_s__max,core_optical_flow__times_s__mean,1.0
core_optical_flow__preview_prev_times_s__max,core_optical_flow__times_s__p50,1.0
core_optical_flow__preview_prev_times_s__max,core_optical_flow__times_s__p90,1.0
core_optical_flow__preview_prev_times_s__max,core_optical_flow__times_s__std,1.0
core_optical_flow__preview_cur_times_s__p50,core_optical_flow__preview_prev_times_s__max,1.0
core_optical_flow__preview_cur_times_s__p50,core_optical_flow__preview_prev_times_s__mean,1.0
core_optical_flow__preview_cur_times_s__p50,core_optical_flow__preview_prev_times_s__p50,1.0
core_optical_flow__preview_cur_times_s__p50,core_optical_flow__preview_prev_times_s__p90,1.0
core_optical_flow__preview_cur_times_s__p50,core_optical_flow__preview_prev_times_s__std,1.0
core_optical_flow__preview_cur_times_s__p50,core_optical_flow__times_s__max,1.0
core_optical_flow__preview_cur_times_s__p50,core_optical_flow__times_s__mean,1.0
core_optical_flow__preview_cur_times_s__p50,core_optical_flow__times_s__p50,1.0
core_optical_flow__preview_cur_times_s__p50,core_optical_flow__times_s__p90,1.0
core_optical_flow__preview_prev_times_s__max,core_optical_flow__preview_prev_times_s__mean,1.0
core_optical_flow__preview_cur_times_s__p90,core_optical_flow__preview_cur_times_s__std,1.0
core_optical_flow__preview_prev_times_s__max,core_optical_flow__preview_prev_times_s__p50,1.0
core_optical_flow__preview_prev_times_s__max,core_optical_flow__preview_prev_times_s__p90,1.0
core_optical_flow__preview_prev_times_s__max,core_optical_flow__preview_prev_times_s__std,1.0
scene_classification__end_time_s__max,scene_classification__times_s__std,1.0
core_clip__times_s__max,core_clip__times_s__p90,1.0
core_clip__times_s__max,core_clip__times_s__std,1.0
scene_classification__mean_score__min,scene_classification__top1_prob_mean__min,1.0
scene_classification__mean_score__p50,scene_classification__top1_prob_mean__p50,1.0
scene_classification__mean_score__p90,scene_classification__top1_prob_mean__p90,1.0
scene_classification__mean_score__std,scene_classification__top1_prob_mean__std,1.0
scene_classification__times_s__max,scene_classification__times_s__mean,1.0
scene_classification__times_s__max,scene_classification__times_s__p90,1.0
scene_classification__times_s__max,scene_classification__times_s__std,1.0
scene_classification__times_s__mean,scene_classification__times_s__p90,1.0
scene_classification__times_s__mean,scene_classification__times_s__std,1.0
cut_detection__times_s__std,cut_detection__union_timestamps_sec__p90,1.0
cut_detection__times_s__std,cut_detection__union_timestamps_sec__std,1.0
cut_detection__union_timestamps_sec__max,cut_detection__union_timestamps_sec__mean,1.0
cut_detection__union_timestamps_sec__max,cut_detection__union_timestamps_sec__p50,1.0
cut_detection__union_timestamps_sec__max,cut_detection__union_timestamps_sec__p90,1.0
cut_detection__union_timestamps_sec__max,cut_detection__union_timestamps_sec__std,1.0
cut_detection__union_timestamps_sec__mean,cut_detection__union_timestamps_sec__p50,1.0
cut_detection__union_timestamps_sec__mean,cut_detection__union_timestamps_sec__p90,1.0
cut_detection__union_timestamps_sec__mean,cut_detection__union_timestamps_sec__std,1.0
cut_detection__union_timestamps_sec__p50,cut_detection__union_timestamps_sec__p90,1.0
cut_detection__union_timestamps_sec__p50,cut_detection__union_timestamps_sec__std,1.0
cut_detection__union_timestamps_sec__p90,cut_detection__union_timestamps_sec__std,1.0
scene_classification__end_time_s__max,scene_classification__times_s__max,1.0
scene_classification__end_time_s__max,scene_classification__times_s__mean,1.0
scene_classification__end_time_s__max,scene_classification__times_s__p90,1.0
cut_detection__cut_interval_cv,cut_detection__cut_rhythm_uniformity_score,0.9999
cut_detection__flow_mag__min,cut_detection__motion_flow_mag__min,0.9997
cut_detection__motion_flow_mag__min,cut_detection__soft_flow_mag__min,0.9997
cut_detection__flow_mag__p90,cut_detection__motion_flow_mag__p90,0.9993
cut_detection__motion_flow_mag__p90,cut_detection__soft_flow_mag__p90,0.9993
cut_detection__motion_flow_mag__p50,cut_detection__soft_flow_mag__p50,0.9992
cut_detection__flow_mag__p50,cut_detection__motion_flow_mag__p50,0.9992
video_pacing__shot_duration_mean_normalized,video_pacing__shots_count,0.999
scene_classification__end_time_s__max,scene_classification__times_s__p50,0.9987
scene_classification__times_s__p50,scene_classification__times_s__std,0.9987
scene_classification__times_s__p50,scene_classification__times_s__p90,0.9987
scene_classification__times_s__mean,scene_classification__times_s__p50,0.9987
scene_classification__times_s__max,scene_classification__times_s__p50,0.9987
core_optical_flow__preview_pair_pos__std,core_optical_flow__times_s__std,0.9986
core_optical_flow__preview_pair_pos__std,core_optical_flow__times_s__p90,0.9986
core_optical_flow__preview_cur_times_s__mean,core_optical_flow__preview_pair_pos__p50,0.9986
core_optical_flow__preview_pair_pos__std,core_optical_flow__preview_prev_times_s__p50,0.9986
core_optical_flow__preview_pair_pos__std,core_optical_flow__preview_prev_times_s__mean,0.9986
core_optical_flow__preview_pair_pos__std,core_optical_flow__preview_prev_times_s__max,0.9986
core_optical_flow__preview_cur_times_s__max,core_optical_flow__preview_pair_pos__std,0.9986
core_optical_flow__preview_cur_times_s__p50,core_optical_flow__preview_pair_pos__max,0.9986
core_optical_flow__preview_cur_times_s__mean,core_optical_flow__preview_pair_pos__p90,0.9986
core_optical_flow__preview_cur_times_s__mean,core_optical_flow__preview_pair_pos__max,0.9986
core_optical_flow__preview_pair_pos__std,core_optical_flow__times_s__max,0.9986
core_optical_flow__preview_pair_pos__std,core_optical_flow__times_s__p50,0.9986
core_optical_flow__preview_pair_pos__std,core_optical_flow__times_s__mean,0.9986
core_optical_flow__preview_cur_times_s__mean,core_optical_flow__preview_pair_pos__std,0.9986
core_optical_flow__preview_cur_times_s__p50,core_optical_flow__preview_pair_pos__mean,0.9986
core_optical_flow__preview_cur_times_s__p50,core_optical_flow__preview_pair_pos__p50,0.9986
core_optical_flow__preview_cur_times_s__p50,core_optical_flow__preview_pair_pos__p90,0.9986
core_optical_flow__preview_cur_times_s__p50,core_optical_flow__preview_pair_pos__std,0.9986
core_optical_flow__preview_pair_pos__mean,core_optical_flow__preview_prev_times_s__mean,0.9986
core_optical_flow__preview_pair_pos__mean,core_optical_flow__times_s__mean,0.9986
core_optical_flow__preview_pair_pos__max,core_optical_flow__times_s__std,0.9986
core_optical_flow__preview_pair_pos__max,core_optical_flow__times_s__p90,0.9986
core_optical_flow__preview_pair_pos__max,core_optical_flow__times_s__mean,0.9986
core_optical_flow__preview_pair_pos__max,core_optical_flow__times_s__max,0.9986
core_optical_flow__preview_pair_pos__mean,core_optical_flow__times_s__p50,0.9986
core_optical_flow__preview_pair_pos__max,core_optical_flow__times_s__p50,0.9986
core_optical_flow__preview_pair_pos__p90,core_optical_flow__preview_prev_times_s__max,0.9986
core_optical_flow__preview_cur_times_s__mean,core_optical_flow__preview_pair_pos__mean,0.9986
core_optical_flow__preview_pair_pos__p90,core_optical_flow__times_s__p90,0.9986
core_optical_flow__preview_pair_pos__p90,core_optical_flow__times_s__p50,0.9986
core_optical_flow__preview_pair_pos__p90,core_optical_flow__preview_prev_times_s__p50,0.9986
core_optical_flow__preview_pair_pos__p90,core_optical_flow__preview_prev_times_s__mean,0.9986
core_optical_flow__preview_pair_pos__p90,core_optical_flow__times_s__max,0.9986
core_optical_flow__preview_pair_pos__p90,core_optical_flow__times_s__std,0.9986
core_optical_flow__preview_pair_pos__p50,core_optical_flow__preview_prev_times_s__p50,0.9986
core_optical_flow__preview_pair_pos__p50,core_optical_flow__times_s__p50,0.9986
core_optical_flow__preview_pair_pos__p50,core_optical_flow__preview_prev_times_s__max,0.9986
core_optical_flow__preview_pair_pos__max,core_optical_flow__preview_prev_times_s__p50,0.9986
core_optical_flow__preview_pair_pos__max,core_optical_flow__preview_prev_times_s__max,0.9986
core_optical_flow__preview_pair_pos__max,core_optical_flow__preview_prev_times_s__mean,0.9986
core_optical_flow__preview_pair_pos__mean,core_optical_flow__times_s__std,0.9986
core_optical_flow__preview_pair_pos__mean,core_optical_flow__times_s__p90,0.9986
core_optical_flow__preview_cur_times_s__max,core_optical_flow__preview_pair_pos__p90,0.9986
core_optical_flow__preview_cur_times_s__max,core_optical_flow__preview_pair_pos__mean,0.9986
core_optical_flow__preview_pair_pos__p50,core_optical_flow__times_s__max,0.9986
core_optical_flow__preview_pair_pos__p50,core_optical_flow__times_s__mean,0.9986
core_optical_flow__preview_pair_pos__p50,core_optical_flow__times_s__std,0.9986
core_optical_flow__preview_pair_pos__p50,core_optical_flow__times_s__p90,0.9986
core_optical_flow__preview_cur_times_s__max,core_optical_flow__preview_pair_pos__max,0.9986
core_optical_flow__preview_pair_pos__p90,core_optical_flow__times_s__mean,0.9986
core_optical_flow__preview_pair_pos__mean,core_optical_flow__preview_prev_times_s__max,0.9986
core_optical_flow__preview_pair_pos__mean,core_optical_flow__times_s__max,0.9986
core_optical_flow__preview_pair_pos__mean,core_optical_flow__preview_prev_times_s__p50,0.9986
core_optical_flow__preview_pair_pos__p50,core_optical_flow__preview_prev_times_s__mean,0.9986
core_optical_flow__preview_cur_times_s__max,core_optical_flow__preview_pair_pos__p50,0.9986
core_optical_flow__preview_cur_times_s__p90,core_optical_flow__preview_pair_pos__max,0.9985
core_optical_flow__preview_cur_times_s__p90,core_optical_flow__preview_pair_pos__mean,0.9985
core_optical_flow__preview_pair_pos__std,core_optical_flow__preview_prev_times_s__std,0.9985
core_optical_flow__preview_cur_times_s__p90,core_optical_flow__preview_pair_pos__std,0.9985
core_optical_flow__preview_cur_times_s__std,core_optical_flow__preview_pair_pos__std,0.9985
core_optical_flow__preview_pair_pos__std,core_optical_flow__preview_prev_times_s__p90,0.9985
core_optical_flow__preview_cur_times_s__p90,core_optical_flow__preview_pair_pos__p90,0.9985
core_optical_flow__preview_cur_times_s__p90,core_optical_flow__preview_pair_pos__p50,0.9985
core_optical_flow__preview_pair_pos__p90,core_optical_flow__preview_prev_times_s__std,0.9985
core_optical_flow__preview_pair_pos__p90,core_optical_flow__preview_prev_times_s__p90,0.9985
core_optical_flow__preview_cur_times_s__std,core_optical_flow__preview_pair_pos__mean,0.9985
core_optical_flow__preview_cur_times_s__std,core_optical_flow__preview_pair_pos__max,0.9985
core_optical_flow__preview_cur_times_s__std,core_optical_flow__preview_pair_pos__p90,0.9985
core_optical_flow__preview_cur_times_s__std,core_optical_flow__preview_pair_pos__p50,0.9985
core_optical_flow__preview_pair_pos__max,core_optical_flow__preview_prev_times_s__p90,0.9985
core_optical_flow__preview_pair_pos__mean,core_optical_flow__preview_prev_times_s__p90,0.9985
core_optical_flow__preview_pair_pos__max,core_optical_flow__preview_prev_times_s__std,0.9985
core_optical_flow__preview_pair_pos__p50,core_optical_flow__preview_prev_times_s__std,0.9985
core_optical_flow__preview_pair_pos__p50,core_optical_flow__preview_prev_times_s__p90,0.9985
core_optical_flow__preview_pair_pos__mean,core_optical_flow__preview_prev_times_s__std,0.9985
cut_detection__event_end_time_s__mean,cut_detection__event_times_s__mean,0.9981
cut_detection__event_times_s__max,cut_detection__event_times_s__p90,0.9967
cut_detection__event_end_time_s__p50,cut_detection__event_times_s__p50,0.9964
cut_detection__event_end_time_s__p90,cut_detection__event_times_s__p90,0.9963
cut_detection__event_start_time_s__p90,cut_detection__event_times_s__p90,0.9962
cut_detection__event_start_time_s__max,cut_detection__event_times_s__max,0.996
cut_detection__event_start_time_s__max,cut_detection__event_start_time_s__p90,0.9959
cut_detection__event_start_time_s__mean,cut_detection__event_times_s__mean,0.9953
cut_detection__event_end_time_s__max,cut_detection__event_end_time_s__p90,0.995
scene_classification__end_frame__max,scene_classification__times_s__std,0.9945
scene_classification__end_frame__max,scene_classification__end_time_s__max,0.9945
scene_classification__end_frame__max,scene_classification__times_s__p90,0.9945
scene_classification__end_frame__max,scene_classification__times_s__max,0.9945
scene_classification__end_frame__max,scene_classification__times_s__mean,0.9945
cut_detection__event_start_time_s__mean,cut_detection__event_start_time_s__p90,0.9944
cut_detection__event_end_time_s__p90,cut_detection__event_times_s__max,0.9943
cut_detection__event_end_time_s__max,cut_detection__event_times_s__max,0.9942
scene_classification__end_frame__max,scene_classification__times_s__p50,0.994
cut_detection__event_times_s__mean,cut_detection__event_times_s__p90,0.994
cut_detection__event_start_time_s__max,cut_detection__event_times_s__p90,0.9933
cut_detection__hard_cuts_count,cut_detection__scene_count,0.993
cut_detection__hard_cuts_count,cut_detection__scene_hard_cut_transitions,0.993
cut_detection__event_start_time_s__max,cut_detection__event_start_time_s__std,0.9929
cut_detection__motion_flow_mag__std,cut_detection__threshold_flow__max,0.9924
cut_detection__motion_flow_mag__std,cut_detection__threshold_flow__min,0.9924
cut_detection__flow_mag__std,cut_detection__threshold_flow__p90,0.9924
cut_detection__flow_mag__std,cut_detection__threshold_flow__max,0.9924
cut_detection__flow_mag__std,cut_detection__threshold_flow__mean,0.9924
cut_detection__flow_mag__std,cut_detection__threshold_flow__min,0.9924
cut_detection__motion_flow_mag__std,cut_detection__threshold_flow__mean,0.9924
cut_detection__motion_flow_mag__std,cut_detection__threshold_flow__p50,0.9924
cut_detection__motion_flow_mag__std,cut_detection__threshold_flow__p90,0.9924
cut_detection__soft_flow_mag__std,cut_detection__threshold_flow__p90,0.9924
cut_detection__soft_flow_mag__std,cut_detection__threshold_flow__p50,0.9924
cut_detection__soft_flow_mag__std,cut_detection__threshold_flow__min,0.9924
cut_detection__soft_flow_mag__std,cut_detection__threshold_flow__mean,0.9924
cut_detection__flow_mag__std,cut_detection__threshold_flow__p50,0.9924
cut_detection__soft_flow_mag__std,cut_detection__threshold_flow__max,0.9924
cut_detection__event_end_time_s__mean,cut_detection__event_end_time_s__p90,0.9923
cut_detection__event_start_time_s__p90,cut_detection__event_times_s__max,0.9922
cut_detection__event_start_time_s__std,cut_detection__event_times_s__std,0.9922
cut_detection__event_times_s__mean,cut_detection__event_times_s__p50,0.9921
cut_detection__event_start_time_s__p90,cut_detection__event_start_time_s__std,0.9919
core_clip__cut_detection_transition_scores__mean,core_clip__cut_detection_transition_scores__p50,0.9918
cut_detection__event_end_time_s__mean,cut_detection__event_times_s__p90,0.9917
cut_detection__event_start_time_s__max,cut_detection__event_start_time_s__mean,0.9912
cut_detection__event_times_s__max,cut_detection__event_times_s__mean,0.9912
cut_detection__event_times_s__max,cut_detection__event_times_s__std,0.9912
cut_detection__event_end_time_s__max,cut_detection__event_times_s__p90,0.9911
cut_detection__event_start_time_s__p90,cut_detection__event_times_s__mean,0.9911
cut_detection__event_end_time_s__std,cut_detection__event_times_s__std,0.9911
cut_detection__soft_hsv_v__min,cut_detection__soft_lab_l__min,0.9909
video_pacing__short_shot_fraction,video_pacing__shots_count,0.9907
cut_detection__event_end_time_s__p90,cut_detection__event_times_s__mean,0.9907
core_clip__times_s__p90,core_optical_flow__preview_cur_times_s__p50,0.9905
core_clip__times_s__p90,core_optical_flow__preview_cur_times_s__mean,0.9905
core_clip__times_s__p90,core_optical_flow__preview_cur_times_s__max,0.9905
core_clip__times_s__mean,core_optical_flow__times_s__p90,0.9905
core_clip__times_s__p90,core_optical_flow__times_s__std,0.9905
core_clip__times_s__mean,core_optical_flow__times_s__p50,0.9905
core_clip__times_s__p90,core_optical_flow__times_s__p90,0.9905
core_clip__times_s__std,core_optical_flow__preview_cur_times_s__max,0.9905
core_clip__times_s__std,core_optical_flow__preview_cur_times_s__mean,0.9905
core_clip__times_s__std,core_optical_flow__preview_cur_times_s__p50,0.9905
core_clip__times_s__std,core_optical_flow__preview_cur_times_s__std,0.9905
core_clip__times_s__max,core_optical_flow__times_s__p50,0.9905
core_clip__times_s__p90,core_optical_flow__times_s__p50,0.9905
core_clip__times_s__mean,core_optical_flow__times_s__std,0.9905
core_clip__times_s__p90,core_optical_flow__preview_prev_times_s__mean,0.9905
core_clip__times_s__p90,core_optical_flow__preview_prev_times_s__p50,0.9905
core_clip__times_s__p90,core_optical_flow__preview_prev_times_s__p90,0.9905
core_clip__times_s__p90,core_optical_flow__preview_cur_times_s__p90,0.9905
core_clip__times_s__p90,core_optical_flow__preview_prev_times_s__std,0.9905
core_clip__times_s__p90,core_optical_flow__times_s__max,0.9905
core_clip__times_s__p90,core_optical_flow__times_s__mean,0.9905
core_clip__times_s__std,core_optical_flow__preview_cur_times_s__p90,0.9905
core_clip__times_s__max,core_optical_flow__times_s__mean,0.9905
core_clip__times_s__max,core_optical_flow__preview_cur_times_s__std,0.9905
core_clip__times_s__max,core_optical_flow__preview_cur_times_s__p50,0.9905
core_clip__times_s__max,core_optical_flow__preview_cur_times_s__mean,0.9905
core_clip__times_s__max,core_optical_flow__times_s__std,0.9905
core_clip__times_s__max,core_optical_flow__times_s__max,0.9905
core_clip__times_s__max,core_optical_flow__preview_prev_times_s__std,0.9905
core_clip__times_s__max,core_optical_flow__preview_prev_times_s__p90,0.9905
core_clip__times_s__max,core_optical_flow__preview_prev_times_s__p50,0.9905
core_clip__times_s__max,core_optical_flow__preview_prev_times_s__mean,0.9905
core_clip__times_s__max,core_optical_flow__preview_prev_times_s__max,0.9905
core_clip__times_s__std,core_optical_flow__times_s__p90,0.9905
core_clip__times_s__mean,core_optical_flow__preview_cur_times_s__p50,0.9905
core_clip__times_s__std,core_optical_flow__preview_prev_times_s__max,0.9905
core_clip__times_s__std,core_optical_flow__preview_prev_times_s__mean,0.9905
core_clip__times_s__std,core_optical_flow__preview_prev_times_s__p50,0.9905
core_clip__times_s__std,core_optical_flow__preview_prev_times_s__p90,0.9905
core_clip__times_s__std,core_optical_flow__preview_prev_times_s__std,0.9905
core_clip__times_s__std,core_optical_flow__times_s__max,0.9905
core_clip__times_s__mean,core_optical_flow__preview_cur_times_s__mean,0.9905
core_clip__times_s__std,core_optical_flow__times_s__mean,0.9905
core_clip__times_s__std,core_optical_flow__times_s__p50,0.9905
core_clip__times_s__std,core_optical_flow__times_s__std,0.9905
core_clip__times_s__mean,core_optical_flow__preview_cur_times_s__max,0.9905
core_clip__times_s__mean,core_optical_flow__preview_cur_times_s__p90,0.9905
core_clip__times_s__p50,core_optical_flow__times_s__mean,0.9905
core_clip__times_s__p50,core_optical_flow__times_s__p50,0.9905
core_clip__times_s__p50,core_optical_flow__times_s__p90,0.9905
core_clip__times_s__p50,core_optical_flow__times_s__std,0.9905
core_clip__times_s__p50,core_optical_flow__preview_cur_times_s__max,0.9905
core_clip__times_s__p50,core_optical_flow__preview_cur_times_s__mean,0.9905
core_clip__times_s__p50,core_optical_flow__preview_cur_times_s__p50,0.9905
core_clip__times_s__p50,core_optical_flow__preview_cur_times_s__std,0.9905
core_clip__times_s__p50,core_optical_flow__preview_prev_times_s__max,0.9905
core_clip__times_s__p50,core_optical_flow__preview_prev_times_s__mean,0.9905
core_clip__times_s__p50,core_optical_flow__preview_prev_times_s__p50,0.9905
core_clip__times_s__p50,core_optical_flow__times_s__max,0.9905
core_clip__times_s__p50,core_optical_flow__preview_prev_times_s__std,0.9905
core_clip__times_s__mean,core_optical_flow__preview_cur_times_s__std,0.9905
core_clip__times_s__mean,core_optical_flow__preview_prev_times_s__max,0.9905
core_clip__times_s__mean,core_optical_flow__preview_prev_times_s__mean,0.9905
core_clip__times_s__mean,core_optical_flow__preview_prev_times_s__p50,0.9905
core_clip__times_s__mean,core_optical_flow__preview_prev_times_s__p90,0.9905
core_clip__times_s__mean,core_optical_flow__preview_prev_times_s__std,0.9905
core_clip__times_s__max,core_optical_flow__preview_cur_times_s__max,0.9905
cut_detection__event_start_time_s__p50,cut_detection__event_times_s__p50,0.9905
core_clip__times_s__max,core_optical_flow__times_s__p90,0.9905
core_clip__times_s__mean,core_optical_flow__times_s__max,0.9905
core_clip__times_s__p50,core_optical_flow__preview_prev_times_s__p90,0.9905
core_clip__times_s__mean,core_optical_flow__times_s__mean,0.9905
core_clip__times_s__p90,core_optical_flow__preview_prev_times_s__max,0.9905
core_clip__times_s__p90,core_optical_flow__preview_cur_times_s__std,0.9905
core_clip__times_s__p50,core_optical_flow__preview_cur_times_s__p90,0.9904
core_clip__times_s__max,core_optical_flow__preview_cur_times_s__p90,0.9904
cut_detection__event_start_time_s__mean,cut_detection__event_times_s__p90,0.9903
cut_detection__event_start_time_s__std,cut_detection__event_times_s__max,0.9901
cut_detection__event_start_time_s__std,cut_detection__event_times_s__p90,0.9899
cut_detection__event_end_time_s__mean,cut_detection__event_end_time_s__p50,0.9899
core_clip__times_s__std,core_optical_flow__preview_pair_pos__max,0.9897
core_clip__times_s__mean,core_optical_flow__preview_pair_pos__p90,0.9897
core_clip__times_s__mean,core_optical_flow__preview_pair_pos__p50,0.9897
core_clip__times_s__mean,core_optical_flow__preview_pair_pos__max,0.9897
cut_detection__event_end_time_s__mean,cut_detection__event_times_s__p50,0.9897
core_clip__times_s__p90,core_optical_flow__preview_pair_pos__p90,0.9897
core_clip__times_s__p50,core_optical_flow__preview_pair_pos__std,0.9897
cut_detection__event_end_time_s__p90,cut_detection__event_start_time_s__p90,0.9897
core_clip__times_s__p50,core_optical_flow__preview_pair_pos__p90,0.9897
core_clip__times_s__p50,core_optical_flow__preview_pair_pos__p50,0.9897
core_clip__times_s__p50,core_optical_flow__preview_pair_pos__mean,0.9897
core_clip__times_s__std,core_optical_flow__preview_pair_pos__p90,0.9897
core_clip__times_s__std,core_optical_flow__preview_pair_pos__std,0.9897
core_clip__times_s__p50,core_optical_flow__preview_pair_pos__max,0.9897
core_clip__times_s__p90,core_optical_flow__preview_pair_pos__std,0.9897
core_clip__times_s__mean,core_optical_flow__preview_pair_pos__std,0.9897
core_clip__times_s__max,core_optical_flow__preview_pair_pos__std,0.9897
core_clip__times_s__mean,core_optical_flow__preview_pair_pos__mean,0.9897
core_clip__times_s__max,core_optical_flow__preview_pair_pos__p90,0.9897
core_clip__times_s__max,core_optical_flow__preview_pair_pos__p50,0.9897
core_clip__times_s__max,core_optical_flow__preview_pair_pos__mean,0.9897
core_clip__times_s__p90,core_optical_flow__preview_pair_pos__max,0.9897
core_clip__times_s__max,core_optical_flow__preview_pair_pos__max,0.9897
core_clip__times_s__p90,core_optical_flow__preview_pair_pos__mean,0.9897
core_clip__times_s__std,core_optical_flow__preview_pair_pos__p50,0.9897
core_clip__times_s__p90,core_optical_flow__preview_pair_pos__p50,0.9897
core_clip__times_s__std,core_optical_flow__preview_pair_pos__mean,0.9897
core_clip__places365_topk_scores__mean,core_clip__places365_topk_scores__p50,0.9896
cut_detection__event_times_s__p90,cut_detection__event_times_s__std,0.9896
video_pacing__short_shot_fraction,video_pacing__shot_duration_mean_normalized,0.9893
cut_detection__event_end_time_s__mean,cut_detection__event_start_time_s__mean,0.9891
cut_detection__event_end_time_s__mean,cut_detection__event_times_s__max,0.9889
cut_detection__event_end_time_s__p50,cut_detection__event_times_s__mean,0.9889
core_optical_flow__dt_seconds__max,cut_detection__pair_dt_s__max,0.9887
cut_detection__event_end_time_s__p90,cut_detection__event_start_time_s__max,0.9887
core_optical_flow__times_s__std,cut_detection__union_timestamps_sec__std,0.9885
core_optical_flow__times_s__std,cut_detection__union_timestamps_sec__mean,0.9885
core_optical_flow__flow_dx_mean_per_sec_norm__std,core_optical_flow__motion_norm_per_sec_mean__std,0.9885
core_optical_flow__times_s__std,cut_detection__union_timestamps_sec__p90,0.9885
core_optical_flow__preview_cur_times_s__p90,cut_detection__union_timestamps_sec__max,0.9885
core_optical_flow__times_s__std,cut_detection__pair_times_s__mean,0.9885
core_optical_flow__times_s__std,cut_detection__pair_times_s__max,0.9885
core_optical_flow__times_s__p90,cut_detection__union_timestamps_sec__std,0.9885
core_optical_flow__times_s__p90,cut_detection__union_timestamps_sec__p90,0.9885
core_optical_flow__times_s__p90,cut_detection__union_timestamps_sec__p50,0.9885
core_optical_flow__times_s__p90,cut_detection__union_timestamps_sec__mean,0.9885
core_optical_flow__times_s__p90,cut_detection__union_timestamps_sec__max,0.9885
core_optical_flow__times_s__p90,cut_detection__times_s__std,0.9885
core_optical_flow__times_s__p90,cut_detection__times_s__p90,0.9885
core_optical_flow__times_s__p90,cut_detection__times_s__p50,0.9885
core_optical_flow__times_s__std,cut_detection__pair_times_s__p90,0.9885
core_optical_flow__times_s__p90,cut_detection__times_s__mean,0.9885
core_optical_flow__times_s__p90,cut_detection__times_s__max,0.9885
core_optical_flow__times_s__std,cut_detection__pair_times_s__p50,0.9885
core_optical_flow__times_s__mean,cut_detection__times_s__std,0.9885
core_optical_flow__times_s__mean,cut_detection__times_s__p90,0.9885
core_optical_flow__times_s__mean,cut_detection__times_s__p50,0.9885
core_optical_flow__times_s__mean,cut_detection__times_s__mean,0.9885
core_optical_flow__times_s__mean,cut_detection__times_s__max,0.9885
core_optical_flow__times_s__mean,cut_detection__pair_times_s__std,0.9885
core_optical_flow__times_s__mean,cut_detection__pair_times_s__p90,0.9885
core_optical_flow__times_s__p90,cut_detection__pair_times_s__std,0.9885
core_optical_flow__times_s__p90,cut_detection__pair_times_s__p90,0.9885
core_optical_flow__times_s__p90,cut_detection__pair_times_s__p50,0.9885
core_optical_flow__times_s__p90,cut_detection__pair_times_s__mean,0.9885
core_optical_flow__times_s__p90,cut_detection__pair_times_s__max,0.9885
core_optical_flow__times_s__std,cut_detection__union_timestamps_sec__p50,0.9885
core_optical_flow__times_s__p50,cut_detection__union_timestamps_sec__p90,0.9885
core_optical_flow__times_s__p50,cut_detection__union_timestamps_sec__p50,0.9885
core_optical_flow__times_s__p50,cut_detection__union_timestamps_sec__mean,0.9885
core_optical_flow__times_s__p50,cut_detection__union_timestamps_sec__max,0.9885
core_optical_flow__times_s__p50,cut_detection__times_s__std,0.9885
core_optical_flow__times_s__p50,cut_detection__times_s__p90,0.9885
core_optical_flow__times_s__p50,cut_detection__times_s__p50,0.9885
core_optical_flow__times_s__p50,cut_detection__times_s__mean,0.9885
core_optical_flow__times_s__p50,cut_detection__times_s__max,0.9885
core_optical_flow__times_s__p50,cut_detection__pair_times_s__std,0.9885
core_optical_flow__times_s__std,cut_detection__times_s__max,0.9885
core_optical_flow__times_s__std,cut_detection__pair_times_s__std,0.9885
core_optical_flow__times_s__p50,cut_detection__union_timestamps_sec__std,0.9885
core_optical_flow__preview_cur_times_s__p50,cut_detection__times_s__p50,0.9885
core_optical_flow__preview_cur_times_s__std,cut_detection__union_timestamps_sec__p90,0.9885
core_optical_flow__preview_cur_times_s__std,cut_detection__union_timestamps_sec__std,0.9885
core_optical_flow__preview_cur_times_s__std,cut_detection__pair_times_s__max,0.9885
core_optical_flow__preview_cur_times_s__std,cut_detection__pair_times_s__mean,0.9885
core_optical_flow__preview_cur_times_s__std,cut_detection__pair_times_s__p50,0.9885
core_optical_flow__preview_cur_times_s__std,cut_detection__pair_times_s__p90,0.9885
core_optical_flow__preview_cur_times_s__std,cut_detection__pair_times_s__std,0.9885
core_optical_flow__preview_cur_times_s__std,cut_detection__times_s__max,0.9885
core_optical_flow__preview_cur_times_s__std,cut_detection__times_s__mean,0.9885
core_optical_flow__times_s__mean,cut_detection__union_timestamps_sec__max,0.9885
core_optical_flow__preview_cur_times_s__p50,cut_detection__times_s__std,0.9885
core_optical_flow__preview_cur_times_s__p50,cut_detection__union_timestamps_sec__max,0.9885
core_optical_flow__preview_cur_times_s__p50,cut_detection__union_timestamps_sec__mean,0.9885
core_optical_flow__preview_cur_times_s__std,cut_detection__times_s__p50,0.9885
core_optical_flow__preview_cur_times_s__std,cut_detection__times_s__p90,0.9885
core_optical_flow__preview_cur_times_s__std,cut_detection__times_s__std,0.9885
core_optical_flow__preview_cur_times_s__std,cut_detection__union_timestamps_sec__max,0.9885
core_optical_flow__preview_cur_times_s__std,cut_detection__union_timestamps_sec__mean,0.9885
core_optical_flow__preview_cur_times_s__std,cut_detection__union_timestamps_sec__p50,0.9885
core_optical_flow__preview_cur_times_s__p50,cut_detection__union_timestamps_sec__p50,0.9885
core_optical_flow__preview_cur_times_s__p50,cut_detection__union_timestamps_sec__p90,0.9885
core_optical_flow__preview_cur_times_s__p50,cut_detection__times_s__p90,0.9885
core_optical_flow__times_s__std,cut_detection__union_timestamps_sec__max,0.9885
core_optical_flow__times_s__std,cut_detection__times_s__std,0.9885
core_optical_flow__times_s__std,cut_detection__times_s__p90,0.9885
core_optical_flow__times_s__std,cut_detection__times_s__p50,0.9885
core_optical_flow__times_s__std,cut_detection__times_s__mean,0.9885
core_optical_flow__preview_cur_times_s__p90,cut_detection__union_timestamps_sec__mean,0.9885
core_optical_flow__preview_cur_times_s__p90,cut_detection__union_timestamps_sec__p50,0.9885
core_optical_flow__preview_cur_times_s__p90,cut_detection__union_timestamps_sec__p90,0.9885
core_optical_flow__preview_cur_times_s__p90,cut_detection__union_timestamps_sec__std,0.9885
core_optical_flow__preview_cur_times_s__p90,cut_detection__pair_times_s__max,0.9885
core_optical_flow__preview_cur_times_s__p50,cut_detection__times_s__mean,0.9885
core_optical_flow__preview_cur_times_s__p90,cut_detection__pair_times_s__p50,0.9885
core_optical_flow__preview_cur_times_s__p90,cut_detection__pair_times_s__p90,0.9885
core_optical_flow__preview_prev_times_s__max,cut_detection__union_timestamps_sec__max,0.9885
core_optical_flow__preview_cur_times_s__p90,cut_detection__times_s__std,0.9885
core_optical_flow__preview_cur_times_s__p90,cut_detection__times_s__p90,0.9885
core_optical_flow__preview_cur_times_s__p90,cut_detection__times_s__p50,0.9885
core_optical_flow__preview_cur_times_s__p90,cut_detection__times_s__mean,0.9885
core_optical_flow__preview_cur_times_s__p90,cut_detection__times_s__max,0.9885
core_optical_flow__preview_cur_times_s__p90,cut_detection__pair_times_s__std,0.9885
core_optical_flow__preview_cur_times_s__p50,cut_detection__pair_times_s__std,0.9885
core_optical_flow__preview_cur_times_s__p50,cut_detection__times_s__max,0.9885
core_optical_flow__preview_cur_times_s__p90,cut_detection__pair_times_s__mean,0.9885
core_optical_flow__preview_cur_times_s__mean,cut_detection__union_timestamps_sec__p90,0.9885
core_optical_flow__preview_cur_times_s__mean,cut_detection__union_timestamps_sec__p50,0.9885
core_optical_flow__preview_cur_times_s__mean,cut_detection__union_timestamps_sec__mean,0.9885
core_optical_flow__preview_cur_times_s__mean,cut_detection__union_timestamps_sec__max,0.9885
core_optical_flow__preview_cur_times_s__mean,cut_detection__times_s__std,0.9885
core_optical_flow__preview_cur_times_s__mean,cut_detection__times_s__p90,0.9885
core_optical_flow__preview_cur_times_s__mean,cut_detection__times_s__p50,0.9885
core_optical_flow__preview_cur_times_s__mean,cut_detection__times_s__mean,0.9885
core_optical_flow__preview_cur_times_s__mean,cut_detection__times_s__max,0.9885
core_optical_flow__preview_cur_times_s__mean,cut_detection__pair_times_s__std,0.9885
core_optical_flow__preview_prev_times_s__mean,cut_detection__union_timestamps_sec__std,0.9885
core_optical_flow__preview_prev_times_s__mean,cut_detection__union_timestamps_sec__p90,0.9885
core_optical_flow__preview_prev_times_s__mean,cut_detection__union_timestamps_sec__p50,0.9885
core_optical_flow__preview_prev_times_s__p50,cut_detection__union_timestamps_sec__p90,0.9885
core_optical_flow__preview_prev_times_s__p50,cut_detection__union_timestamps_sec__p50,0.9885
core_optical_flow__times_s__mean,cut_detection__union_timestamps_sec__mean,0.9885
core_optical_flow__preview_prev_times_s__p90,cut_detection__union_timestamps_sec__p50,0.9885
core_optical_flow__preview_prev_times_s__p90,cut_detection__union_timestamps_sec__p90,0.9885
core_optical_flow__preview_prev_times_s__p90,cut_detection__union_timestamps_sec__std,0.9885
core_optical_flow__preview_prev_times_s__p50,cut_detection__pair_times_s__p50,0.9885
core_optical_flow__preview_prev_times_s__p50,cut_detection__pair_times_s__p90,0.9885
core_optical_flow__preview_prev_times_s__p50,cut_detection__pair_times_s__std,0.9885
core_optical_flow__preview_prev_times_s__p50,cut_detection__times_s__max,0.9885
core_optical_flow__preview_prev_times_s__p50,cut_detection__union_timestamps_sec__mean,0.9885
core_optical_flow__preview_prev_times_s__p50,cut_detection__times_s__p50,0.9885
core_optical_flow__preview_prev_times_s__p50,cut_detection__times_s__p90,0.9885
core_optical_flow__preview_prev_times_s__p50,cut_detection__times_s__std,0.9885
core_optical_flow__preview_prev_times_s__p50,cut_detection__union_timestamps_sec__max,0.9885
core_optical_flow__preview_cur_times_s__mean,cut_detection__pair_times_s__max,0.9885
core_optical_flow__preview_cur_times_s__mean,cut_detection__pair_times_s__mean,0.9885
core_optical_flow__preview_cur_times_s__mean,cut_detection__pair_times_s__p50,0.9885
core_optical_flow__preview_cur_times_s__mean,cut_detection__pair_times_s__p90,0.9885
core_optical_flow__preview_prev_times_s__p50,cut_detection__times_s__mean,0.9885
core_optical_flow__preview_prev_times_s__mean,cut_detection__union_timestamps_sec__mean,0.9885
core_optical_flow__preview_cur_times_s__p50,cut_detection__union_timestamps_sec__std,0.9885
core_optical_flow__preview_prev_times_s__max,cut_detection__pair_times_s__max,0.9885
core_optical_flow__preview_prev_times_s__max,cut_detection__pair_times_s__mean,0.9885
core_optical_flow__preview_prev_times_s__max,cut_detection__pair_times_s__p50,0.9885
core_optical_flow__preview_prev_times_s__max,cut_detection__pair_times_s__p90,0.9885
core_optical_flow__preview_prev_times_s__max,cut_detection__pair_times_s__std,0.9885
core_optical_flow__preview_cur_times_s__mean,cut_detection__union_timestamps_sec__std,0.9885
core_optical_flow__preview_prev_times_s__max,cut_detection__times_s__mean,0.9885
core_optical_flow__preview_prev_times_s__max,cut_detection__times_s__p50,0.9885
core_optical_flow__preview_cur_times_s__p50,cut_detection__pair_times_s__max,0.9885
core_optical_flow__preview_cur_times_s__p50,cut_detection__pair_times_s__mean,0.9885
core_optical_flow__preview_cur_times_s__p50,cut_detection__pair_times_s__p50,0.9885
core_optical_flow__preview_cur_times_s__p50,cut_detection__pair_times_s__p90,0.9885
core_optical_flow__preview_prev_times_s__max,cut_detection__times_s__p90,0.9885
core_optical_flow__preview_prev_times_s__max,cut_detection__times_s__std,0.9885
core_optical_flow__preview_prev_times_s__max,cut_detection__times_s__max,0.9885
core_optical_flow__preview_prev_times_s__p50,cut_detection__pair_times_s__max,0.9885
core_optical_flow__preview_prev_times_s__p50,cut_detection__pair_times_s__mean,0.9885
core_optical_flow__preview_prev_times_s__max,cut_detection__union_timestamps_sec__mean,0.9885
core_optical_flow__preview_prev_times_s__max,cut_detection__union_timestamps_sec__p50,0.9885
core_optical_flow__preview_prev_times_s__max,cut_detection__union_timestamps_sec__p90,0.9885
core_optical_flow__preview_prev_times_s__max,cut_detection__union_timestamps_sec__std,0.9885
core_optical_flow__preview_prev_times_s__mean,cut_detection__pair_times_s__max,0.9885
core_optical_flow__preview_prev_times_s__mean,cut_detection__union_timestamps_sec__max,0.9885
core_optical_flow__preview_prev_times_s__mean,cut_detection__pair_times_s__p50,0.9885
core_optical_flow__preview_prev_times_s__mean,cut_detection__pair_times_s__p90,0.9885
core_optical_flow__preview_prev_times_s__mean,cut_detection__pair_times_s__std,0.9885
core_optical_flow__preview_prev_times_s__mean,cut_detection__times_s__max,0.9885
core_optical_flow__preview_prev_times_s__mean,cut_detection__times_s__mean,0.9885
core_optical_flow__preview_prev_times_s__mean,cut_detection__times_s__p50,0.9885
core_optical_flow__preview_prev_times_s__mean,cut_detection__times_s__p90,0.9885
core_optical_flow__preview_prev_times_s__mean,cut_detection__times_s__std,0.9885
core_optical_flow__preview_prev_times_s__mean,cut_detection__pair_times_s__mean,0.9885
core_optical_flow__preview_cur_times_s__max,cut_detection__pair_times_s__p50,0.9885
core_optical_flow__preview_cur_times_s__max,cut_detection__pair_times_s__p90,0.9885
core_optical_flow__preview_cur_times_s__max,cut_detection__pair_times_s__std,0.9885
core_optical_flow__times_s__mean,cut_detection__pair_times_s__max,0.9885
core_optical_flow__times_s__mean,cut_detection__pair_times_s__mean,0.9885
core_optical_flow__times_s__mean,cut_detection__pair_times_s__p50,0.9885
core_optical_flow__preview_prev_times_s__std,cut_detection__times_s__mean,0.9885
core_optical_flow__preview_prev_times_s__p90,cut_detection__union_timestamps_sec__mean,0.9885
core_optical_flow__preview_prev_times_s__std,cut_detection__times_s__p90,0.9885
core_optical_flow__preview_prev_times_s__std,cut_detection__times_s__std,0.9885
core_optical_flow__preview_prev_times_s__std,cut_detection__union_timestamps_sec__max,0.9885
core_optical_flow__preview_prev_times_s__std,cut_detection__union_timestamps_sec__mean,0.9885
core_optical_flow__preview_prev_times_s__std,cut_detection__union_timestamps_sec__p50,0.9885
core_optical_flow__preview_prev_times_s__std,cut_detection__union_timestamps_sec__p90,0.9885
core_optical_flow__preview_prev_times_s__std,cut_detection__union_timestamps_sec__std,0.9885
core_optical_flow__times_s__max,cut_detection__pair_times_s__max,0.9885
core_optical_flow__preview_prev_times_s__std,cut_detection__times_s__p50,0.9885
core_optical_flow__times_s__mean,cut_detection__union_timestamps_sec__p50,0.9885
core_optical_flow__times_s__mean,cut_detection__union_timestamps_sec__p90,0.9885
core_optical_flow__times_s__mean,cut_detection__union_timestamps_sec__std,0.9885
core_optical_flow__times_s__p50,cut_detection__pair_times_s__max,0.9885
core_optical_flow__times_s__p50,cut_detection__pair_times_s__mean,0.9885
core_optical_flow__times_s__p50,cut_detection__pair_times_s__p50,0.9885
core_optical_flow__times_s__p50,cut_detection__pair_times_s__p90,0.9885
core_optical_flow__preview_cur_times_s__max,cut_detection__pair_times_s__mean,0.9885
core_optical_flow__times_s__max,cut_detection__times_s__p90,0.9885
core_optical_flow__times_s__max,cut_detection__times_s__std,0.9885
core_optical_flow__times_s__max,cut_detection__union_timestamps_sec__max,0.9885
core_optical_flow__times_s__max,cut_detection__union_timestamps_sec__mean,0.9885
core_optical_flow__times_s__max,cut_detection__union_timestamps_sec__p50,0.9885
core_optical_flow__times_s__max,cut_detection__union_timestamps_sec__p90,0.9885
core_optical_flow__times_s__max,cut_detection__union_timestamps_sec__std,0.9885
core_optical_flow__preview_cur_times_s__max,cut_detection__pair_times_s__max,0.9885
core_optical_flow__times_s__max,cut_detection__times_s__p50,0.9885
core_optical_flow__preview_prev_times_s__std,cut_detection__pair_times_s__p50,0.9885
core_optical_flow__preview_prev_times_s__std,cut_detection__pair_times_s__p90,0.9885
core_optical_flow__preview_prev_times_s__std,cut_detection__pair_times_s__std,0.9885
core_optical_flow__preview_prev_times_s__std,cut_detection__times_s__max,0.9885
core_optical_flow__preview_prev_times_s__p50,cut_detection__union_timestamps_sec__std,0.9885
core_optical_flow__preview_prev_times_s__p90,cut_detection__pair_times_s__max,0.9885
core_optical_flow__preview_prev_times_s__p90,cut_detection__pair_times_s__mean,0.9885
core_optical_flow__times_s__max,cut_detection__pair_times_s__mean,0.9885
core_optical_flow__preview_prev_times_s__p90,cut_detection__pair_times_s__p90,0.9885
core_optical_flow__preview_prev_times_s__p90,cut_detection__pair_times_s__std,0.9885
core_optical_flow__preview_prev_times_s__p90,cut_detection__times_s__max,0.9885
core_optical_flow__preview_prev_times_s__p90,cut_detection__times_s__mean,0.9885
core_optical_flow__preview_prev_times_s__p90,cut_detection__times_s__p50,0.9885
core_optical_flow__preview_prev_times_s__p90,cut_detection__times_s__p90,0.9885
core_optical_flow__preview_prev_times_s__p90,cut_detection__times_s__std,0.9885
core_optical_flow__preview_prev_times_s__p90,cut_detection__union_timestamps_sec__max,0.9885
core_optical_flow__preview_prev_times_s__p90,cut_detection__pair_times_s__p50,0.9885
core_optical_flow__times_s__max,cut_detection__pair_times_s__p50,0.9885
core_optical_flow__times_s__max,cut_detection__pair_times_s__p90,0.9885
core_optical_flow__times_s__max,cut_detection__pair_times_s__std,0.9885
core_optical_flow__times_s__max,cut_detection__times_s__max,0.9885
core_optical_flow__times_s__max,cut_detection__times_s__mean,0.9885
core_optical_flow__preview_prev_times_s__std,cut_detection__pair_times_s__max,0.9885
core_optical_flow__preview_prev_times_s__std,cut_detection__pair_times_s__mean,0.9885
core_optical_flow__preview_cur_times_s__max,cut_detection__union_timestamps_sec__std,0.9885
core_optical_flow__preview_cur_times_s__max,cut_detection__times_s__mean,0.9885
core_optical_flow__preview_cur_times_s__max,cut_detection__times_s__p50,0.9885
core_optical_flow__preview_cur_times_s__max,cut_detection__times_s__p90,0.9885
core_optical_flow__preview_cur_times_s__max,cut_detection__times_s__std,0.9885
core_optical_flow__preview_cur_times_s__max,cut_detection__union_timestamps_sec__max,0.9885
core_optical_flow__preview_cur_times_s__max,cut_detection__union_timestamps_sec__mean,0.9885
core_optical_flow__preview_cur_times_s__max,cut_detection__union_timestamps_sec__p50,0.9885
core_optical_flow__preview_cur_times_s__max,cut_detection__union_timestamps_sec__p90,0.9885
core_optical_flow__preview_cur_times_s__max,cut_detection__times_s__max,0.9885
core_clip__places365_video_topk_scores__max,core_clip__places365_video_topk_scores__p90,0.9881
cut_detection__event_start_time_s__max,cut_detection__event_times_s__mean,0.9881
cut_detection__event_end_time_s__p90,cut_detection__event_times_s__std,0.9881
cut_detection__event_pair_index__max,cut_detection__event_times_s__max,0.988
cut_detection__event_start_time_s__mean,cut_detection__event_times_s__p50,0.988
cut_detection__event_end_time_s__p90,cut_detection__event_start_time_s__std,0.988
cut_detection__event_start_time_s__mean,cut_detection__event_start_time_s__p50,0.988
core_clip__times_s__std,cut_detection__union_timestamps_sec__std,0.9879
core_clip__times_s__std,cut_detection__pair_times_s__std,0.9879
core_clip__times_s__std,cut_detection__times_s__std,0.9879
core_clip__times_s__std,cut_detection__times_s__mean,0.9879
core_clip__times_s__std,cut_detection__union_timestamps_sec__mean,0.9879
core_clip__times_s__mean,cut_detection__times_s__mean,0.9879
core_clip__times_s__mean,cut_detection__union_timestamps_sec__mean,0.9879
core_clip__times_s__mean,cut_detection__times_s__std,0.9879
core_clip__times_s__mean,cut_detection__union_timestamps_sec__std,0.9879
core_clip__times_s__mean,cut_detection__pair_times_s__mean,0.9879
core_clip__times_s__mean,cut_detection__pair_times_s__std,0.9879
core_optical_flow__dt_seconds__std,cut_detection__pair_dt_s__std,0.9878
core_clip__times_s__p90,cut_detection__times_s__p50,0.9878
core_clip__times_s__p90,cut_detection__union_timestamps_sec__max,0.9878
core_clip__times_s__p90,cut_detection__times_s__std,0.9878
core_clip__times_s__std,cut_detection__pair_times_s__mean,0.9878
core_clip__times_s__max,cut_detection__times_s__max,0.9878
core_clip__times_s__p90,cut_detection__union_timestamps_sec__std,0.9878
core_clip__times_s__p90,cut_detection__union_timestamps_sec__p90,0.9878
core_clip__times_s__p90,cut_detection__union_timestamps_sec__p50,0.9878
core_clip__times_s__p90,cut_detection__union_timestamps_sec__mean,0.9878
core_clip__times_s__std,cut_detection__union_timestamps_sec__p90,0.9878
core_clip__times_s__std,cut_detection__union_timestamps_sec__p50,0.9878
core_clip__times_s__std,cut_detection__times_s__max,0.9878
core_clip__times_s__p90,cut_detection__times_s__p90,0.9878
core_clip__times_s__std,cut_detection__pair_times_s__p90,0.9878
core_clip__times_s__std,cut_detection__pair_times_s__p50,0.9878
core_clip__times_s__std,cut_detection__pair_times_s__max,0.9878
core_clip__times_s__max,cut_detection__pair_times_s__mean,0.9878
core_clip__times_s__max,cut_detection__pair_times_s__max,0.9878
core_clip__times_s__max,cut_detection__union_timestamps_sec__std,0.9878
core_clip__times_s__max,cut_detection__times_s__p90,0.9878
core_clip__times_s__max,cut_detection__times_s__p50,0.9878
core_clip__times_s__max,cut_detection__pair_times_s__std,0.9878
core_clip__times_s__std,cut_detection__union_timestamps_sec__max,0.9878
core_clip__times_s__std,cut_detection__times_s__p50,0.9878
core_clip__times_s__std,cut_detection__times_s__p90,0.9878
core_clip__times_s__mean,cut_detection__pair_times_s__p50,0.9878
core_clip__times_s__max,cut_detection__times_s__std,0.9878
core_clip__times_s__p50,cut_detection__pair_times_s__mean,0.9878
core_clip__times_s__p50,cut_detection__pair_times_s__p50,0.9878
core_clip__times_s__p50,cut_detection__pair_times_s__max,0.9878
core_clip__times_s__p50,cut_detection__times_s__p50,0.9878
core_clip__times_s__p50,cut_detection__union_timestamps_sec__mean,0.9878
core_clip__times_s__p50,cut_detection__union_timestamps_sec__p50,0.9878
core_clip__times_s__mean,cut_detection__times_s__p50,0.9878
core_clip__times_s__mean,cut_detection__pair_times_s__p90,0.9878
core_clip__times_s__mean,cut_detection__times_s__p90,0.9878
core_clip__times_s__p50,cut_detection__times_s__std,0.9878
core_clip__times_s__p50,cut_detection__union_timestamps_sec__max,0.9878
core_clip__times_s__p50,cut_detection__times_s__p90,0.9878
core_clip__times_s__p50,cut_detection__times_s__mean,0.9878
core_clip__times_s__p50,cut_detection__times_s__max,0.9878
core_clip__times_s__p50,cut_detection__pair_times_s__std,0.9878
core_clip__times_s__p50,cut_detection__pair_times_s__p90,0.9878
core_clip__times_s__p90,cut_detection__times_s__max,0.9878
core_clip__times_s__p90,cut_detection__times_s__mean,0.9878
core_clip__times_s__p90,cut_detection__pair_times_s__std,0.9878
core_clip__times_s__p90,cut_detection__pair_times_s__p90,0.9878
core_clip__times_s__p90,cut_detection__pair_times_s__mean,0.9878
core_clip__times_s__p90,cut_detection__pair_times_s__p50,0.9878
core_clip__times_s__p50,cut_detection__union_timestamps_sec__p90,0.9878
core_clip__times_s__p50,cut_detection__union_timestamps_sec__std,0.9878
cut_detection__event_end_time_s__max,cut_detection__event_end_time_s__mean,0.9878
core_clip__times_s__p90,cut_detection__pair_times_s__max,0.9878
core_clip__times_s__mean,cut_detection__union_timestamps_sec__max,0.9878
core_clip__times_s__mean,cut_detection__union_timestamps_sec__p50,0.9878
core_clip__times_s__mean,cut_detection__pair_times_s__max,0.9878
core_clip__times_s__mean,cut_detection__times_s__max,0.9878
core_clip__times_s__max,cut_detection__pair_times_s__p90,0.9878
core_clip__times_s__max,cut_detection__pair_times_s__p50,0.9878
core_clip__times_s__mean,cut_detection__union_timestamps_sec__p90,0.9878
core_clip__times_s__max,cut_detection__union_timestamps_sec__p50,0.9878
core_clip__times_s__max,cut_detection__union_timestamps_sec__mean,0.9878
core_clip__times_s__max,cut_detection__times_s__mean,0.9878
core_clip__times_s__max,cut_detection__union_timestamps_sec__p90,0.9878
core_clip__times_s__max,cut_detection__union_timestamps_sec__max,0.9878
cut_detection__event_pair_index__max,cut_detection__event_start_time_s__max,0.9877
cut_detection__event_end_time_s__max,cut_detection__event_start_time_s__max,0.9877
cut_detection__event_start_time_s__mean,cut_detection__event_times_s__max,0.9876
core_optical_flow__preview_pair_pos__mean,cut_detection__times_s__p90,0.9874
core_optical_flow__preview_pair_pos__mean,cut_detection__times_s__p50,0.9874
core_optical_flow__preview_pair_pos__mean,cut_detection__times_s__mean,0.9874
core_optical_flow__preview_pair_pos__mean,cut_detection__times_s__max,0.9874
core_optical_flow__preview_pair_pos__mean,cut_detection__pair_times_s__std,0.9874
core_optical_flow__preview_pair_pos__p90,cut_detection__pair_times_s__p50,0.9874
core_optical_flow__preview_pair_pos__p90,cut_detection__pair_times_s__mean,0.9874
core_optical_flow__preview_pair_pos__mean,cut_detection__times_s__std,0.9874
core_optical_flow__preview_pair_pos__std,cut_detection__times_s__p90,0.9874
core_optical_flow__preview_pair_pos__std,cut_detection__times_s__p50,0.9874
core_optical_flow__preview_pair_pos__std,cut_detection__times_s__mean,0.9874
core_optical_flow__preview_pair_pos__p90,cut_detection__times_s__p90,0.9874
core_optical_flow__preview_pair_pos__p90,cut_detection__union_timestamps_sec__max,0.9874
core_optical_flow__preview_pair_pos__p90,cut_detection__union_timestamps_sec__mean,0.9874
core_optical_flow__preview_pair_pos__p90,cut_detection__union_timestamps_sec__p50,0.9874
core_optical_flow__preview_pair_pos__std,cut_detection__pair_times_s__p50,0.9874
core_optical_flow__preview_pair_pos__std,cut_detection__pair_times_s__p90,0.9874
core_optical_flow__preview_pair_pos__p50,cut_detection__pair_times_s__p50,0.9874
core_optical_flow__preview_pair_pos__mean,cut_detection__union_timestamps_sec__std,0.9874
core_optical_flow__preview_pair_pos__p90,cut_detection__times_s__mean,0.9874
core_optical_flow__preview_pair_pos__p50,cut_detection__pair_times_s__mean,0.9874
core_optical_flow__preview_pair_pos__p50,cut_detection__pair_times_s__max,0.9874
core_optical_flow__preview_pair_pos__p90,cut_detection__pair_times_s__p90,0.9874
core_optical_flow__preview_pair_pos__max,cut_detection__pair_times_s__max,0.9874
core_optical_flow__preview_pair_pos__max,cut_detection__union_timestamps_sec__std,0.9874
core_optical_flow__preview_pair_pos__max,cut_detection__pair_times_s__mean,0.9874
core_optical_flow__preview_pair_pos__max,cut_detection__pair_times_s__p50,0.9874
core_optical_flow__preview_pair_pos__max,cut_detection__union_timestamps_sec__max,0.9874
core_optical_flow__preview_pair_pos__max,cut_detection__union_timestamps_sec__p50,0.9874
core_optical_flow__dt_seconds__p90,cut_detection__pair_dt_s__p90,0.9874
core_optical_flow__preview_pair_pos__max,cut_detection__union_timestamps_sec__mean,0.9874
core_optical_flow__preview_pair_pos__p50,cut_detection__union_timestamps_sec__max,0.9874
core_optical_flow__preview_pair_pos__p50,cut_detection__union_timestamps_sec__mean,0.9874
core_optical_flow__preview_pair_pos__p50,cut_detection__union_timestamps_sec__p50,0.9874
core_optical_flow__preview_pair_pos__p50,cut_detection__union_timestamps_sec__p90,0.9874
core_optical_flow__preview_pair_pos__p50,cut_detection__times_s__mean,0.9874
core_optical_flow__preview_pair_pos__p50,cut_detection__times_s__p50,0.9874
core_optical_flow__preview_pair_pos__p90,cut_detection__pair_times_s__max,0.9874
core_optical_flow__preview_pair_pos__p50,cut_detection__union_timestamps_sec__std,0.9874
core_optical_flow__preview_pair_pos__p90,cut_detection__times_s__p50,0.9874
core_optical_flow__preview_pair_pos__p50,cut_detection__times_s__p90,0.9874
core_optical_flow__preview_pair_pos__p50,cut_detection__times_s__std,0.9874
core_optical_flow__preview_pair_pos__std,cut_detection__pair_times_s__std,0.9874
core_optical_flow__preview_pair_pos__std,cut_detection__pair_times_s__mean,0.9874
core_optical_flow__preview_pair_pos__std,cut_detection__pair_times_s__max,0.9874
core_optical_flow__preview_pair_pos__std,cut_detection__times_s__max,0.9874
core_optical_flow__preview_pair_pos__p90,cut_detection__times_s__std,0.9874
core_optical_flow__preview_pair_pos__p90,cut_detection__union_timestamps_sec__p90,0.9874
core_optical_flow__preview_pair_pos__p90,cut_detection__union_timestamps_sec__std,0.9874
core_optical_flow__preview_pair_pos__std,cut_detection__union_timestamps_sec__std,0.9874
core_optical_flow__preview_pair_pos__std,cut_detection__union_timestamps_sec__p90,0.9874
core_optical_flow__preview_pair_pos__std,cut_detection__union_timestamps_sec__mean,0.9874
core_optical_flow__preview_pair_pos__std,cut_detection__union_timestamps_sec__p50,0.9874
core_optical_flow__preview_pair_pos__std,cut_detection__times_s__std,0.9874
core_optical_flow__preview_pair_pos__std,cut_detection__union_timestamps_sec__max,0.9874
core_optical_flow__preview_pair_pos__max,cut_detection__times_s__p90,0.9874
core_optical_flow__preview_pair_pos__max,cut_detection__times_s__p50,0.9874
core_optical_flow__preview_pair_pos__max,cut_detection__times_s__std,0.9874
core_optical_flow__preview_pair_pos__mean,cut_detection__pair_times_s__max,0.9874
core_optical_flow__preview_pair_pos__max,cut_detection__times_s__max,0.9874
core_optical_flow__preview_pair_pos__max,cut_detection__times_s__mean,0.9874
core_optical_flow__preview_pair_pos__p50,cut_detection__pair_times_s__p90,0.9874
core_optical_flow__preview_pair_pos__p50,cut_detection__pair_times_s__std,0.9874
core_optical_flow__preview_pair_pos__p50,cut_detection__times_s__max,0.9874
core_optical_flow__preview_pair_pos__p90,cut_detection__pair_times_s__std,0.9874
core_optical_flow__preview_pair_pos__p90,cut_detection__times_s__max,0.9874
core_optical_flow__preview_pair_pos__mean,cut_detection__union_timestamps_sec__mean,0.9874
core_optical_flow__preview_pair_pos__mean,cut_detection__union_timestamps_sec__max,0.9874
core_optical_flow__preview_pair_pos__max,cut_detection__union_timestamps_sec__p90,0.9874
core_optical_flow__preview_pair_pos__mean,cut_detection__union_timestamps_sec__p50,0.9874
core_optical_flow__preview_pair_pos__mean,cut_detection__union_timestamps_sec__p90,0.9874
core_optical_flow__preview_pair_pos__mean,cut_detection__pair_times_s__p90,0.9874
core_optical_flow__preview_pair_pos__mean,cut_detection__pair_times_s__mean,0.9874
core_optical_flow__preview_pair_pos__max,cut_detection__pair_times_s__p90,0.9874
core_optical_flow__preview_pair_pos__max,cut_detection__pair_times_s__std,0.9874
core_optical_flow__preview_pair_pos__mean,cut_detection__pair_times_s__p50,0.9874
cut_detection__event_end_time_s__max,cut_detection__event_times_s__std,0.9873
uniqueness__repeat_threshold_raw,uniqueness__repeat_threshold_used,0.9872
core_clip__shot_quality_scores__mean,core_clip__shot_quality_scores__p50,0.987
cut_detection__event_pair_index__max,cut_detection__event_times_s__p90,0.9869
cut_detection__event_start_time_s__max,cut_detection__event_times_s__std,0.9866
cut_detection__event_end_time_s__mean,cut_detection__event_start_time_s__p90,0.9863
cut_detection__event_end_time_s__max,cut_detection__event_times_s__mean,0.986
cut_detection__soft_hsv_v__mean,cut_detection__soft_hsv_v__p50,0.9857
cut_detection__event_end_time_s__max,cut_detection__event_start_time_s__std,0.9856
cut_detection__event_pair_index__max,cut_detection__event_start_time_s__p90,0.9856
cut_detection__ssim_drop__mean,cut_detection__ssim_drop__p50,0.9855
core_optical_flow__dt_seconds__mean,cut_detection__pair_dt_s__mean,0.9851
core_optical_flow__dt_seconds__min,cut_detection__pair_dt_s__min,0.9851
scene_classification__start_time_s__max,scene_classification__start_time_s__p90,0.9846
cut_detection__event_start_time_s__p90,cut_detection__event_times_s__std,0.9846
core_optical_flow__dt_seconds__p50,cut_detection__pair_dt_s__p50,0.9844
cut_detection__event_end_time_s__max,cut_detection__event_end_time_s__std,0.9843
cut_detection__event_end_time_s__max,cut_detection__event_start_time_s__p90,0.984
core_clip__places365_video_topk_scores__mean,core_clip__places365_video_topk_scores__p50,0.9836
cut_detection__event_end_time_s__p90,cut_detection__event_pair_index__max,0.9836
cut_detection__event_end_time_s__mean,cut_detection__event_start_time_s__max,0.9834
cut_detection__soft_lab_l__mean,cut_detection__soft_lab_l__p50,0.9834
video_pacing__cuts_per_10s,video_pacing__shot_duration_mean,0.9827
cut_detection__event_start_time_s__p50,cut_detection__event_times_s__mean,0.9827
cut_detection__event_end_time_s__p90,cut_detection__event_start_time_s__mean,0.9825
cut_detection__event_strength__max,cut_detection__event_strength__std,0.9823
cut_detection__event_end_time_s__p90,cut_detection__event_end_time_s__std,0.9822
cut_detection__event_end_time_s__p50,cut_detection__event_start_time_s__p50,0.9822
cut_detection__pair_dt_s__p50,cut_detection__pair_times_s__min,0.9818
core_clip__scene_atmosphere_scores__mean,core_clip__scene_atmosphere_scores__p50,0.9817
cut_detection__event_start_time_s__mean,cut_detection__event_start_time_s__std,0.9815
cut_detection__event_start_time_s__std,cut_detection__event_times_s__mean,0.9814
cut_detection__event_end_time_s__std,cut_detection__event_start_time_s__std,0.9814
cut_detection__event_pair_index__max,cut_detection__event_start_time_s__std,0.9813
cut_detection__event_pair_index__max,cut_detection__event_times_s__mean,0.9809
cut_detection__event_end_time_s__p50,cut_detection__event_start_time_s__mean,0.9808
core_optical_flow__motion_norm_per_sec_mean__p90,cut_detection__flow_mag__p90,0.9807
core_optical_flow__motion_norm_per_sec_mean__p90,cut_detection__soft_flow_mag__p90,0.9807
core_optical_flow__dt_seconds__p50,core_optical_flow__preview_cur_times_s__min,0.9807
cut_detection__event_pair_index__max,cut_detection__event_start_time_s__mean,0.9804
cut_detection__event_end_time_s__std,cut_detection__event_times_s__max,0.9804
cut_detection__soft_hsv_v__std,cut_detection__soft_lab_l__std,0.9804
cut_detection__event_times_s__p50,cut_detection__event_times_s__p90,0.9801
